city_id,city,country,latitude,longitude,role
bucharest,Bucharest,Romania,44.4268,26.1025,start
rome,Rome,Italy,41.9028,12.4964,goal
vienna,Vienna,Austria,48.2082,16.3738,node
budapest,Budapest,Hungary,47.4979,19.0402,node
athens,Athens,Greece,37.9838,23.7275,node
belgrade,Belgrade,Serbia,44.7866,20.4489,node
sofia,Sofia,Bulgaria,42.6977,23.3219,node
naples,Naples,Italy,40.8518,14.2681,node
zagreb,Zagreb,Croatia,45.815,15.9819,node
thessaloniki,Thessaloniki,Greece,40.6401,22.9444,node
bratislava,Bratislava,Slovakia,48.1486,17.1077,node
skopje,Skopje,North Macedonia,41.9981,21.4254,node
sarajevo,Sarajevo,Bosnia and Herzegovina,43.8563,18.4131,node
cluj_napoca,Cluj-Napoca,Romania,46.7712,23.6236,node
timisoara,Timișoara,Romania,45.7489,21.2087,node
iasi,Iași,Romania,47.1585,27.6014,node
bari,Bari,Italy,41.1171,16.8719,node
varna,Varna,Bulgaria,43.2141,27.9147,node
ljubljana,Ljubljana,Slovenia,46.0569,14.5058,node
plovdiv,Plovdiv,Bulgaria,42.1354,24.7453,node
