city_from,city_to,distance_km,time_min
bucharest,iasi,390,360
bucharest,cluj_napoca,445,390
bucharest,timisoara,550,450
bucharest,sofia,385,330
bucharest,varna,270,250
bucharest,belgrade,600,540
bucharest,budapest,835,510
iasi,cluj_napoca,390,360
cluj_napoca,budapest,460,360
cluj_napoca,timisoara,320,300
timisoara,budapest,320,240
timisoara,belgrade,170,150
budapest,vienna,243,160
budapest,bratislava,200,130
bratislava,vienna,80,60
budapest,zagreb,345,230
budapest,ljubljana,465,270
vienna,ljubljana,385,235
zagreb,ljubljana,140,100
belgrade,zagreb,390,330
belgrade,sarajevo,295,290
sarajevo,zagreb,400,320
belgrade,skopje,435,280
belgrade,sofia,395,285
sofia,skopje,245,215
sofia,thessaloniki,300,230
sofia,plovdiv,145,110
plovdiv,varna,365,270
skopje,thessaloniki,235,170
thessaloniki,athens,500,315
ljubljana,rome,755,450
ljubljana,bari,790,510
bari,naples,265,180
naples,rome,225,145
bari,rome,430,285
